{
	"teams": [
		{
			"id": 7,
			"name": "Mumbai Indians",
			"players": [
				{
					"id": 347,
					"name": "Rohit Sharma",
					"type": "Batsman",
					"category": "Captain",
					"region":"domestic"
				},
				{
					"id": 204,
					"name": "Kieron Pollard",
					"type": "All-rounder",					
					"region":"foreign"
				},
				{
					"id": 403,
					"name": "Lasith Malinga",
					"type": "Bowler",
					"region": "foreign"
				},
				{
					"id": 52,
					"name": "Ambati Rayudu",
					"type": "Batsman",
					"region": "domestic"
				},
				{
					"id": 162,
					"name": "Harbhajan Singh",
					"type": "Bowler",
					"region": "domestic"
				},
				{
					"id": 189,
					"name": "Jasprit Bumrah",
					"type": "Bowler",
					"region": "domestic"
				},
				{
					"id": 374,
					"name": "Shreyas Gopal",
					"type": "All-rounder",
					"region": "domestic"
				},
				{
					"id": 233,
					"name": "Lendl Simmons",
					"type": "Batsman",
					"region": "foreign"
				},
				{
					"id": 339,
					"name": "R Vinay Kumar",
					"type": "Bowler",
					"region": "domestic"
				},
				{
					"id": 312,
					"name": "Parthiv Patel",
					"type": "Wicket Keeper",
					"region": "domestic"
				},
				{
					"id": 265,
					"name": "Mitchell McClenaghan",
					"type": "Bowler",
					"region": "foreign"
				},
				{
					"id": 290,
					"name": "Nitish Rana",
					"type": "Batsman",
					"region": "domestic"
				},
				{
					"id": 176,
					"name": "Jagadeesha Suchith",
					"type": "Bowler",
					"region": "domestic"
				},
				{
					"id": 159,
					"name": "Hardik Pandya",
					"type": "All-rounder",
					"region": "domestic"
				},
				{
					"id": 181,
					"name": "Jos Buttler",
					"type": "Batsman",
					"region": "foreign"
				},
				{
					"id": 450,
					"name": "Tim Southee",
					"type": "Bowler",
					"region": "foreign"
				},
				{
					"id": 210,
					"name": "Krunal Pandya",
					"type": "All-rounder",
					"region": "domestic"
				},
				{
					"id": 423,
					"name": "Saurabh Tiwary",
					"type": "Batsman",
					"region": "domestic"
				},
				{
					"id": 259,
					"name": "Mitchell Johnson",
					"type": "Bowler",
					"region": "foreign"
				},
				{
					"id": 220,
					"name": "Karn Sharma",
					"type": "Bowler",
					"region": "domestic"
				}
			]
		},
		{
			"id": 6,
			"name": "Delhi Daredevils",
			"players": [
				{
					"id": 494,
					"name": "Zaheer Khan",
					"type": "Bowler",
					"category": "Captain",
					"region":"domestic"
				},
				{
					"id": 30,
					"name": "Angelo Mathews",
					"type": "All-rounder",
					"region":"foreign"
				},
				{
					"id": 96,
					"name": "Corey Anderson,",
					"type": "All-rounder",
					"region":"foreign"
				},
				{
					"id": 201,
					"name": "Kagiso Rabada",
					"type": "Bowler",
					"region":"foreign"
				},
				{
					"id": 316,
					"name": "Pat Cummins",
					"type": "Bowler",
					"region":"foreign"
				},
				{
					"id": 47,
					"name": "Ankit Bawne,",
					"type": "All-rounder",
					"region":"domestic"
				},
				{
					"id": 46,
					"name": "Aditya Tare",
					"type": "Batsman",
					"region":"domestic"
				},
				{
					"id": 237,
					"name": "Murugan Ashwin",
					"type": "Bowler",
					"region":"domestic"
				},
				{
					"id": 291,
					"name": "Navdeep Saini",
					"type": "Bowler",
					"region":"domestic"
				},
				{
					"id": 287,
					"name": "Mohammed Shami",
					"type": "Bowler",
					"region":"domestic"
				},
				{
					"id": 378,
					"name": "Shahbaz Nadeem",
					"type": "Bowler",
					"region":"domestic"
				},
				{
					"id": 179,
					"name": "Jayant Yadav",
					"type": "Bowler",
					"region":"domestic"
				},
				{
					"id": 6,
					"name": "Amit Mishra",
					"type": "Bowler",
					"region":"domestic"
				},
				{
					"id": 419,
					"name": "Shreyas Iyer",
					"type": "Batsman",
					"region":"domestic"
				},
				{
					"id": 427,
					"name": "Sam Billings",
					"type": "Batsman",
					"region":"domestic"
				},
				{
					"id": 426,
					"name": "Sanju Samson",
					"type": "Batsman",
					"region":"domestic"
				},
				{
					"id": 95,
					"name": "Chris Morris",
					"type": "All-rounder",
					"region":"foreign"
				},
				{
					"id": 104,
					"name": "Carlos Brathwaite",
					"type": "All-rounder",
					"region":"foreign"
				},
				{
					"id": 213,
					"name": "Karun Nair",
					"type": "Batsman",
					"region":"domestic"
				},
				{
					"id": 355,
					"name": "Rishabh Pant",
					"type": "Batsman",
					"region":"domestic"
				},
				{
					"id": 83,
					"name": "Ben Hilfenhaus",
					"type": "Bowler",
					"region":"foreign"
				},
				{
					"id": 271,
					"name": "Marlon Samuels",
					"type": "All-rounder",
					"region":"foreign"
				}				

			]
		},
		{
			"id": 13,
			"name": "Gujarat Lions",
			"players": [
				{
					"id": 400,
					"name": "Suresh Raina",
					"type": "Batsman",
					"category": "Captain",
					"region": "domestic"
				},
				{
					"id": 340,
					"name": "Ravindra Jadeja",
					"type": "All-rounder",	
					"region": "domestic"
				},
				{
					"id": 195,
					"name": "James Faulkner",
					"type": "All-rounder",
					"region": "foreign"
				},
				{
					"id": 73,
					"name": "Brendon McCullum",
					"type": "Batsman",
					"region": "foreign"
				},
				{
					"id": 36,
					"name": "Aaron Finch",
					"type": "Batsman",
					"region": "foreign"
				},
				{
					"id": 134,
					"name": "Dwayne Smith",
					"type": "All-rounder",
					"region": "foreign"
				},
				{
					"id": 209,
					"name": "Dinesh Karthik",
					"type": "Wicket Keeper",
					"region": "domestic"
				},
				{
					"id": 135,
					"name": "Dhawal Kulkarni",
					"type": "Bowler",
					"region": "domestic"
				},
				{
					"id": 306,
					"name": "Praveen Kumar",
					"type": "Bowler",
					"region": "domestic"
				},
				{
					"id": 37,
					"name": "Andrew Tye",
					"type": "Bowler",
					"region": "foreign"
				},
				{
					"id": 173,
					"name": "Ishan Kishan",
					"type": "Batsman",
					"region": "domestic"
				},
				{
					"id": 317,
					"name": "Pradeep Sangwan",
					"type": "Bowler",
					"region": "domestic"
				},
				{
					"id": 13,
					"name": "Shadab Jakati",
					"type": "Bowler",
					"region": "domestic"
				},
				{
					"id": 277,
					"name": "Manpreet Gony",
					"type": "Bowler",
					"region": "domestic"
				},
				{
					"id": 292,
					"name": "Nathu Singh",
					"type": "Bowler",
					"region": "domestic"
				},
				{
					"id": 190,
					"name": "Jason Roy",
					"type": "Batsman",
					"region": "foreign"
				},
				{
					"id": 269,
					"name": "Munaf Patel",
					"type": "Bowler",
					"region": "domestic"
				},
				{
					"id": 31,
					"name": "Akshdeep Nath",
					"type": "Batsman",
					"region": "domestic"
				},
				{
					"id": 84,
					"name": "Basil Thampi",
					"type": "Bowler",
					"region": "domestic"
				},
				{
					"id": 418,
					"name": "Shubham Agarwal",
					"type": "All-rounder",
					"region": "domestic"
				},
				{
					"id": 458,
					"name": "Tejas Baroka",
					"type": "Bowler",
					"region": "domestic"
				},
				{
					"id": 58,
					"name": "Ankit Soni",
					"type": "Bowler",
					"region": "domestic"
				},
				{
					"id": 169,
					"name": "Irfan Pathan",
					"type": "All-rounder",
					"region": "domestic"
				}
			]
		},
		{
			"id": 1,
			"name": "Kolkata Knight Riders",
			"players": [
				{
					"id": 146,
					"name": "Gautam Gambhir",
					"type": "Batsman",
					"category": "Captain",
					"region": "domestic"
				},
				{
					"id": 414,
					"name": "Sunil Narine",
					"type": "Bowler",	
					"region": "domestic"
				},
				{
					"id": 225,
					"name": "Kuldeep Yadav",
					"type": "Bowler",
					"region": "domestic"
				},
				{
					"id": 266,
					"name": "Manish Pandey",
					"type": "Batsman",
					"region": "domestic"
				},
				{
					"id": 389,
					"name": "Suryakumar Yadav",
					"type": "Batsman",
					"region": "domestic"
				},
				{
					"id": 319,
					"name": "Piyush Chawla",
					"type": "All-rounder",
					"region": "domestic"
				},
				{
					"id": 365,
					"name": "Robin Uthappa",
					"type": "Wicket Keeper",
					"region": "domestic"
				},
				{
					"id": 433,
					"name": "Shakib Al Hasan",
					"type": "All-rounder",
					"region": "domestic"
				},
				{
					"id": 92,
					"name": "Chris Lynn",
					"type": "Batsman",
					"region": "foreign"
				},
				{
					"id": 463,
					"name": "Umesh Yadav",
					"type": "Bowler",
					"region": "domestic"
				},
				{
					"id": 488,
					"name": "Yusuf Pathan",
					"type": "All-rounder",
					"region": "domestic"
				},
				{
					"id": 413,
					"name": "Sheldon Jackson",
					"type": "Batsman",
					"region": "foreign"
				},
				{
					"id": 49,
					"name": "Ankit Rajpoot",
					"type": "Bowler",
					"region": "domestic"
				},
				{
					"id": 448,
					"name": "Trent Boult",
					"type": "Bowler",
					"region": "foreign"
				},
				{
					"id": 298,
					"name": "Nathan Coulter-Nile",
					"type": "Bowler",
					"region": "foreign"
				},
				{
					"id": 118,
					"name": "Darren Bravo",
					"type": "Batsman",
					"region": "foreign"
				},
				{
					"id": 330,
					"name": "Rishi Dhawan",
					"type": "All-rounder",
					"region": "domestic"
				},
				{
					"id": 105,
					"name": "Chris Woakes",
					"type": "All-rounder",
					"region": "foreign"
				},
				{
					"id": 170,
					"name": "Ishank Jaggi",
					"type": "Batsman",
					"region": "domestic"
				},
				{
					"id": 90,
					"name": "Colin de Grandhomme",
					"type": "All-rounder",
					"region": "foreign"
				}
			]
		},
		{
			"id": 12,
			"name": "Rising Pune Supergiants",
			"players": [
				{
					"id": 415,
					"name": "Steven Smith",
					"type": "Batsman",
					"category": "Captain",
					"region": "foreign"
				},
				{
					"id": 276,
					"name": "MS Dhoni",
					"type": "Wicket Keeper",	
					"region": "domestic"
				},
				{
					"id": 40,
					"name": "Ajinkya Rahane",
					"type": "Batsman",
					"region": "domestic"
				},
				{
					"id": 143,
					"name": "Faf du Plessis",
					"type": "Batsman",
					"region": "foreign"
				},
				{
					"id": 22,
					"name": "Ashok Dinda",
					"type": "Bowler",
					"region": "domestic"
				},
				{
					"id": 328,
					"name": "Rajat Bhatia",
					"type": "All-rounder",
					"region": "domestic"
				},
				{
					"id": 57,
					"name": "Ankit Sharma",
					"type": "Bowler",
					"region": "domestic"
				},
				{
					"id": 168,
					"name": "Ishwar Pandey",
					"type": "Bowler",
					"region": "domestic"
				},
				{
					"id": 14,
					"name": "Adam Zampa",
					"type": "Bowler",
					"region": "foreign"
				},
				{
					"id": 198,
					"name": "Jaskaran Singh",
					"type": "Bowler",
					"region": "domestic"
				},
				{
					"id": 126,
					"name": "Deepak Chahar",
					"type": "Bowler",
					"region": "domestic"
				},
				{
					"id": 462,
					"name": "Usman Khawaja",
					"type": "Batsman",
					"region": "domestic"
				},
				{
					"id": 249,
					"name": "Mayank Agarwal",
					"type": "Batsman",
					"region": "domestic"
				},
				{
					"id": 71,
					"name": "Ben Stokes",
					"type": "All-rounder",
					"region": "foreign"
				},
				{
					"id": 267,
					"name": "Manoj Tiwary",
					"type": "Batsman",
					"region": "domestic"
				},
				{
					"id": 183,
					"name": "Jaydev Unadkat",
					"type": "Bowler",
					"region": "domestic"
				},
				{
					"id": 343,
					"name": "Rahul Chahar",
					"type": "Bowler",
					"region": "domestic"
				},
				{
					"id": 137,
					"name": "Daniel Christian",
					"type": "All-rounder",
					"region": "foreign"
				},
				{
					"id": 231,
					"name": "Lockie Ferguson",
					"type": "Bowler",
					"region": "foreign"
				},
				{
					"id": 342,
					"name": "Rahul Tripathi",
					"type": "Batsman",
					"region": "domestic"
				},
				{
					"id": 410,
					"name": "Shardul Thakur",
					"type": "Bowler",
					"region": "domestic"
				},
				{
					"id": 171,
					"name": "Imran Tahir",
					"type": "Bowler",
					"region": "foreign"
				},
				{
					"id": 482,
					"name": "Washington Sundar",
					"type": "All-rounder",
					"region": "domestic"
				}
			]
		},
		{
			"id": 2,
			"name": "Royal Challengers Bangalore",
			"players": [
				{
					"id": 165,
					"name": "Virat Kohli",
					"type": "Batsman",
					"category": "Captain",
					"region": "domestic"
				},
				{
					"id": 24,
					"name": " AB de Villiers",
					"type": "Batsman",	
					"region": "foreign"
				},
				{
					"id": 94,
					"name": "Chris Gayle",
					"type": "Batsman",
					"region": "foreign"
				},
				{
					"id": 489,
					"name": "Yuzvendra Chahal",
					"type": "Bowler",
					"region": "domestic"
				},
				{
					"id": 161,
					"name": "Harshal Patel",
					"type": "Bowler",
					"region": "domestic"
				},
				{
					"id": 280,
					"name": "Mandeep Singh",
					"type": "Batsman",
					"region": "domestic"
				},
				{
					"id": 33,
					"name": "Adam Milne",
					"type": "Bowler",
					"region": "foreign"
				},
				{
					"id": 409,
					"name": "Sarfaraz Khan",
					"type": "Batsman",
					"region": "domestic"
				},
				{
					"id": 369,
					"name": "Sreenath Aravind",
					"type": "Bowler",
					"region": "domestic"
				},
				{
					"id": 215,
					"name": "Kedar Jadhav",
					"type": "All-rounder",
					"region": "domestic"
				},
				{
					"id": 417,
					"name": "Shane Watson",
					"type": "All-rounder",
					"region": "foreign"
				},
				{
					"id": 425,
					"name": "Stuart Binny",
					"type": "All-rounder",
					"region": "domestic"
				},
				{
					"id": 370,
					"name": "Samuel Badree",
					"type": "Bowler",
					"region": "domestic"
				},
				{
					"id": 172,
					"name": "Iqbal Abdulla,",
					"type": "Bowler",
					"region": "domestic"
				},
				{
					"id": 453,
					"name": "Travis Head",
					"type": "Batsman",
					"region": "foreign"
				},
				{
					"id": 429,
					"name": "Sachin Baby",
					"type": "Batsman",
					"region": "domestic"
				},
				{
					"id": 60,
					"name": "Avesh Khan",
					"type": "Bowler",
					"region": "domestic"
				},
				{
					"id": 445,
					"name": "Tabraiz Shamsi",
					"type": "All-rounder",
					"region": "domestic"
				},
				{
					"id": 307,
					"name": "Pawan Negi",
					"type": "All-rounder",
					"region": "domestic"
				},
				{
					"id": 457,
					"name": "Tymal Mills",
					"type": "Bowler",
					"region": "foreign"
				},
				{
					"id": 3,
					"name": "Aniket Choudhary",
					"type": "Bowler",
					"region": "domestic"
				},
				{
					"id": 68,
					"name": "Billy Stanlake",
					"type": "Bowler",
					"region": "foreign"
				},
				{
					"id": 476,
					"name": "Vishnu Vinod",
					"type": "Batsman",
					"region": "domestic"
				},
				{
					"id": 165,
					"name": "Harpreet Singh",
					"type": "Batsman",
					"region": "domestic"
				}

			]
		},
		{
			"id": 4,
			"name": "Kings XI Punjab",
			"players": [
				{
					"id": 152,
					"name": "Glenn Maxwell",
					"type": "All-rounder",
					"category": "Captain",
					"region": "foreign"
				},
				{
					"id": 111,
					"name": "David Miller",
					"type": "Batsman",	
					"region": "foreign"
				},
				{
					"id": 247,
					"name": "Manan Vohra",
					"type": "Batsman",
					"region": "domestic"
				},
				{
					"id": 48,
					"name": "Axar Patel",
					"type": "All-rounder",
					"region": "domestic"
				},
				{
					"id": 156,
					"name": "Gurkeerat Singh Mann",
					"type": "Batsman",
					"region": "domestic"
				},
				{
					"id": 159,
					"name": "Anureet Singh",
					"type": "Bowler",
					"region": "domestic"
				},
				{
					"id": 431,
					"name": "Sandeep Sharma",
					"type": "Bowler",
					"region": "domestic"
				},
				{
					"id": 398,
					"name": "Shaun Marsh",
					"type": "Batsman",
					"region": "foreign"
				},
				{
					"id": 480,
					"name": "Wriddhiman Saha",
					"type": "Wicket Keeper",
					"region": "domestic"
				},
				{
					"id": 299,
					"name": "Nikhil Naik",
					"type": "Batsman",
					"region": "domestic"
				},
				{
					"id": 270,
					"name": "Mohit Sharma",
					"type": "Bowler",
					"region": "domestic"
				},
				{
					"id": 273,
					"name": "Marcus Stoinis",
					"type": "All-rounder",
					"region": "foreign"
				},
				{
					"id": 207,
					"name": "KC Cariappa",
					"type": "Bowler",
					"region": "domestic"
				},
				{
					"id": 310,
					"name": "Pardeep Sahu",
					"type": "All-rounder",
					"region": "domestic"
				},
				{
					"id": 441,
					"name": "Swapnil Singh",
					"type": "All-rounder",
					"region": "domestic"
				},
				{
					"id": 160,
					"name": "Hashim Amla",
					"type": "Batsman",
					"region": "domestic"
				},
				{
					"id": 470,
					"name": "Varun Aaron",
					"type": "Bowler",
					"region": "domestic"
				},
				{
					"id": 140,
					"name": "Eoin Morgan",
					"type": "Batsman",
					"region": "foreign"
				},
				{
					"id": 263,
					"name": "Matt Henry",
					"type": "Bowler",
					"region": "foreign"
				},
				{
					"id": 338,
					"name": "Rahul Tewatia",
					"type": "Bowler",
					"region": "domestic"
				},
				{
					"id": 262,
					"name": "Martin Guptill",
					"type": "Batsman",
					"region": "foreign"
				},
				{
					"id": 125,
					"name": "Darren Sammy",
					"type": "All-rounder",
					"region": "foreign"
				},
				{
					"id": 444,
					"name": "T Natarajan",
					"type": "Bowler",
					"region": "domestic"
				},
				{
					"id": 167,
					"name": "Ishant Sharma",
					"type": "Bowler",
					"region": "domestic"
				}
			]
		},
		{
			"id": 11,
			"name": "Sunrisers Hyderabad",
			"players": [
				{
					"id": 112,
					"name": "David Warner",
					"type": "Batsman",
					"category": "Captain",
					"region": "foreign"
				},
				{
					"id": 373,
					"name": "Shikhar Dhawan",
					"type": "Batsman",	
					"region": "domestic"
				},
				{
					"id": 65,
					"name": "Bhuvneshwar Kumar",
					"type": "Bowler",
					"region": "domestic"
				},
				{
					"id": 253,
					"name": "Moises Henriques",
					"type": "All-rounder",
					"region": "foreign"
				},
				{
					"id": 300,
					"name": "Naman Ojha",
					"type": "Wicket Keeper",
					"region": "domestic"
				},
				{
					"id": 219,
					"name": "Kane Williamson",
					"type": "Batsman",
					"region": "foreign"
				},
				{
					"id": 375,
					"name": "Siddarth Kaul",
					"type": "Bowler",
					"region": "domestic"
				},
				{
					"id": 85,
					"name": "Bipul Sharma",
					"type": "Bowler",
					"region": "domestic"
				},
				{
					"id": 493,
					"name": "Yuvraj Singh",
					"type": "Batsman",
					"region": "domestic"
				},
				{
					"id": 76,
					"name": "Ben Cutting",
					"type": "All-rounder",
					"region": "foreign"
				},
				{
					"id": 7,
					"name": "Abhimanyu Mithun",
					"type": "Bowler",
					"region": "domestic"
				},
				{
					"id": 289,
					"name": "Mustafizur Rahman",
					"type": "Bowler",
					"region": "domestic"
				},
				{
					"id": 75,
					"name": "Barinder Sran",
					"type": "Bowler",
					"region": "domestic"
				},
				{
					"id": 120,
					"name": "Deepak Hooda",
					"type": "All-rounder",
					"region": "domestic"
				},
				{
					"id": 468,
					"name": "Vijay Shankar",
					"type": "All-rounder",
					"region": "domestic"
				},
				{
					"id": 98,
					"name": "Chris Jordan",
					"type": "Bowler",
					"region": "foreign"
				},
				{
					"id": 286,
					"name": "Mohammad Nabi",
					"type": "All-rounder",
					"region": "domestic"
				},
				{
					"id": 141,
					"name": "Eklavya Dwivedi",
					"type": "Batsman",
					"region": "domestic"
				},
				{
					"id": 367,
					"name": "Rashid Khan",
					"type": "Bowler",
					"region": "domestic"
				},
				{
					"id": 323,
					"name": "Pravin Tambe",
					"type": "Bowler",
					"region": "domestic"
				},
				{
					"id": 66,
					"name": "Ben Laughlin",
					"type": "Bowler",
					"region": "foreign"
				},
				{
					"id": 288,
					"name": "Mohammed Siraj",
					"type": "Bowler",
					"region": "domestic"
				}
			]
		}
	]
}